<?xml version="1.0" standalone="yes"?>
<DataSet>
  <xs:schema id="DataSet" xmlns="" xmlns:xs="http://www.w3.org/2001/XMLSchema" xmlns:msdata="urn:schemas-microsoft-com:xml-msdata">
    <xs:element name="DataSet" msdata:IsDataSet="true" msdata:Locale="en-US">
      <xs:complexType>
        <xs:choice minOccurs="0" maxOccurs="unbounded">
          <xs:element name="detail">
            <xs:complexType>
              <xs:sequence>
                <xs:element name="title" type="xs:string" minOccurs="0" />
                <xs:element name="number" type="xs:string" minOccurs="0" />
                <xs:element name="boxnumber" type="xs:string" minOccurs="0" />
              </xs:sequence>
            </xs:complexType>
          </xs:element>


        </xs:choice>
      </xs:complexType>
    </xs:element>
  </xs:schema>
  
   <detail>
    <title>扬州申遗文件十分丰富双方的首发地方撒发射点发短发双方萨芬啊阿萨发</title>
    <number>1000</number>
	<boxnumber>10</boxnumber>
  </detail>
  <detail>
    <title>扬州申遗文件</title>
    <number>1001</number>
	<boxnumber>10</boxnumber>
  </detail>
<detail>
    <title>扬州申遗文件</title>
    <number>1002</number>
	<boxnumber>10</boxnumber>
  </detail>
<detail>
 <title>扬州申遗文件</title>
    <number>1003</number>
	<boxnumber>10</boxnumber>
  </detail>
  <detail>
  <title>扬州申遗文件</title>
    <number>1003</number>
	<boxnumber>10</boxnumber>
  </detail>
  <detail>
  <title>扬州申遗文件</title>
    <number>1003</number>
	<boxnumber>10</boxnumber>
  </detail>
  <detail>
  <title>扬州申遗文件</title>
    <number>1003</number>
	<boxnumber>10</boxnumber>
  </detail>
  <detail>
  <title>扬州申遗文件</title>
    <number>1003</number>
	<boxnumber>10</boxnumber>
  </detail>
  <detail>
  <title>扬州申遗文件</title>
    <number>1003</number>
	<boxnumber>10</boxnumber>
  </detail>
  <detail>
  <title>扬州申遗文件</title>
    <number>1003</number>
	<boxnumber>10</boxnumber>
  </detail>
  <detail>
  <title>扬州申遗文件</title>
    <number>1003</number>
	<boxnumber>10</boxnumber>
  </detail>
  <detail>
  <title>扬州申遗文件</title>
    <number>1003</number>
	<boxnumber>10</boxnumber>
  </detail>
  <detail>
  <title>扬州申遗文件</title>
    <number>1003</number>
	<boxnumber>10</boxnumber>
  </detail>
    <detail>
  <title>扬州申遗文件</title>
    <number>1003</number>
	<boxnumber>10</boxnumber>
  </detail>
    <detail>
  <title>扬州申遗文件</title>
    <number>1003</number>
	<boxnumber>10</boxnumber>
  </detail>
    <detail>
  <title>扬州申遗文件</title>
    <number>1003</number>
	<boxnumber>10</boxnumber>
  </detail>
    <detail>
  <title>扬州申遗文件</title>
    <number>1003</number>
	<boxnumber>10</boxnumber>
  </detail>
    <detail>
  <title>扬州申遗文件</title>
    <number>1003</number>
	<boxnumber>10</boxnumber>
  </detail>
    <detail>
  <title>扬州申遗文件</title>
    <number>1003</number>
	<boxnumber>10</boxnumber>
  </detail>
    <detail>
  <title>扬州申遗文件</title>
    <number>1003</number>
	<boxnumber>10</boxnumber>
  </detail>
    <detail>
  <title>扬州申遗文件</title>
    <number>1003</number>
	<boxnumber>10</boxnumber>
  </detail>
    <detail>
  <title>扬州申遗文件</title>
    <number>1003</number>
	<boxnumber>10</boxnumber>
  </detail>
    <detail>
  <title>扬州申遗文件</title>
    <number>1003</number>
	<boxnumber>10</boxnumber>
  </detail>
    <detail>
  <title>扬州申遗文件</title>
    <number>1003</number>
	<boxnumber>10</boxnumber>
  </detail>
      <detail>
  <title>扬州申遗文件</title>
    <number>1003</number>
	<boxnumber>10</boxnumber>
  </detail>
      <detail>
  <title>扬州申遗文件</title>
    <number>1003</number>
	<boxnumber>10</boxnumber>
  </detail>
      <detail>
  <title>扬州申遗文件</title>
    <number>1003</number>
	<boxnumber>10</boxnumber>
  </detail>
      <detail>
  <title>扬州申遗文件</title>
    <number>1003</number>
	<boxnumber>10</boxnumber>
  </detail>
      <detail>
  <title>扬州申遗文件扬州申遗文件扬州申遗文件</title>
    <number>1003</number>
	<boxnumber>10</boxnumber>
  </detail>
      <detail>
  <title>扬州申遗文件</title>
    <number>1003</number>
	<boxnumber>10</boxnumber>
  </detail>
      <detail>
  <title>扬州申遗文件</title>
    <number>1003</number>
	<boxnumber>10</boxnumber>
  </detail>
      <detail>
  <title>扬州申遗文件</title>
    <number>1003</number>
	<boxnumber>10</boxnumber>
  </detail>

  </DataSet>